Shipment_ID,Carrier,Origin,Destination,Scheduled_Pickup,Actual_Pickup,Scheduled_Delivery,Actual_Delivery,Delay_Reason,Pickup_Delay_Days,Delivery_Delay_Days
1001,Carrier A,Vendor 1,FC1,2025-07-01,2025-07-01,2025-07-03,2025-07-03,Weather,0,0
1002,Carrier B,Vendor 2,FC2,2025-07-02,2025-07-03,2025-07-04,2025-07-06,Carrier Issue,1,2
1003,Carrier C,Vendor 3,FC3,2025-07-03,2025-07-03,2025-07-05,2025-07-05,On Time,0,0
1004,Carrier D,Vendor 4,FC4,2025-07-04,2025-07-06,2025-07-06,2025-07-07,Capacity Issue,2,1
1005,Carrier E,Vendor 5,FC5,2025-07-05,2025-07-05,2025-07-07,2025-07-07,On Time,0,0
1006,Carrier A,Vendor 1,FC1,2025-07-06,2025-07-06,2025-07-08,2025-07-08,On Time,0,0
1007,Carrier B,Vendor 2,FC2,2025-07-07,2025-07-10,2025-07-09,2025-07-13,Weather,3,4
1008,Carrier C,Vendor 3,FC3,2025-07-08,2025-07-08,2025-07-10,2025-07-10,On Time,0,0
1009,Carrier D,Vendor 4,FC4,2025-07-09,2025-07-10,2025-07-11,2025-07-14,Carrier Issue,1,3
1010,Carrier E,Vendor 5,FC5,2025-07-10,2025-07-10,2025-07-12,2025-07-12,On Time,0,0
1011,Carrier A,Vendor 1,FC1,2025-07-11,2025-07-11,2025-07-13,2025-07-13,On Time,0,0
1012,Carrier B,Vendor 2,FC2,2025-07-12,2025-07-12,2025-07-14,2025-07-14,On Time,0,0
1013,Carrier C,Vendor 3,FC3,2025-07-13,2025-07-15,2025-07-15,2025-07-16,Capacity Issue,2,1
1014,Carrier D,Vendor 4,FC4,2025-07-14,2025-07-14,2025-07-16,2025-07-16,On Time,0,0
1015,Carrier E,Vendor 5,FC5,2025-07-15,2025-07-15,2025-07-17,2025-07-17,On Time,0,0
1016,Carrier A,Vendor 1,FC1,2025-07-16,2025-07-17,2025-07-18,2025-07-20,Carrier Issue,1,2
1017,Carrier B,Vendor 2,FC2,2025-07-17,2025-07-17,2025-07-19,2025-07-19,On Time,0,0
1018,Carrier C,Vendor 3,FC3,2025-07-18,2025-07-18,2025-07-20,2025-07-20,On Time,0,0
1019,Carrier D,Vendor 4,FC4,2025-07-19,2025-07-23,2025-07-21,2025-07-26,Weather,4,5
1020,Carrier E,Vendor 5,FC5,2025-07-20,2025-07-20,2025-07-22,2025-07-22,On Time,0,0
